<?xml version="1.0" encoding="UTF-8"?>
<!DOCTYPE suite SYSTEM "https://testng.org/testng-1.0.dtd">
<suite name="Suite">
  <test thread-count="5" name="Test">

	<groups>
	<run>
	<exclude name="Regression"></exclude>
	<include name="Smoke"></include>
	</run>
	</groups>

    <classes>
      <class name="com.qa.zerobank.testcases.AccountSummaryTestCases"/>
      <class name="com.qa.zerobank.testcases.HomePageTestCases"/>
      <class name="com.qa.zerobank.testcases.LogInPageTestcases"/>
    </classes>
  </test> <!-- Test -->
</suite> <!-- Suite -->
