<?xml version="1.0" encoding="UTF-8"?>
<!DOCTYPE suite SYSTEM "https://testng.org/testng-1.0.dtd">
<suite name="Suite">
  <test thread-count="1" name="Test">

	<groups>
	<run>
	<include name="Smoke"></include>
	<exclude name="Regression"></exclude>
	</run>
	</groups>

    <classes>
      <class name="testng.Groups"/>
      <class name="testng.DataDrivenTest"/>
      <class name="testng.LoginWithTestNG"/>
      <class name="testng.TestNGConnectedClass"/>
    </classes>
  </test> <!-- Test -->
</suite> <!-- Suite -->
