<?xml version="1.0" encoding="UTF-8"?>
<!DOCTYPE suite SYSTEM "https://testng.org/testng-1.0.dtd">
<suite thread-count="3" parallel="tests" name="TestNGSuite">
  <test thread-count="3" parallel="tests" name="ZeroBank" group-by-instances="true">
	
	<groups>
	<run>
	<include name="Smoke"></include>
	<exclude name="Regression"></exclude>
	</run>
	</groups>

    <classes>
      <class name="ZeroBank.ZeroBankTest"/>
		<class name="ZeroBank.ZeroBankLoginTest"/>
    </classes>
  </test> <!-- ZeroBank -->
</suite> <!-- Suite -->
